1187447.7777800118;2957028.8936636783;0.5690085228848352;1.4169672758637004;;;1830838.4729219915;3043635.919783212;0.8773124297438099;1.458468162829741
1250615.138844107;3026815.7747492585;0.5902157192083075;1.4284764304515376;;;1873722.8071554268;3015559.594660651;0.8842853567600247;1.4231641851250687
1795901.186994827;4387895.783909561;0.5981286095361303;1.4613977779095004;;;3030850.8053052826;3853579.413875495;1.0094311374236713;1.2834426043313514
890060.547448453;2058622.1513073277;0.6187330250111481;1.431068385948325;;;1125040.2123828388;2114790.037989325;0.782081102080454;1.470113961594681
1205159.7331918941;3174352.2318455656;0.5984840180040034;1.5763877815957617;;;1847867.902548831;2949789.842317914;0.9176537985790488;1.4648697832129784
1330721.734405637;3050227.340080638;0.6400882008273222;1.4671846711052365;;;1837582.4648270444;3052475.6215973487;0.8838924197088672;1.4682661131781936
1786247.9321454163;4612475.808463223;0.6077959808285398;1.5694597640125312;;;3073815.32026503;3907110.3199648852;1.0459088930741918;1.3294492362413237
763745.4851818252;2119323.018506156;0.5248288024457817;1.456351341354985;;;1092327.6403865407;2057617.6714431772;0.7506231048240009;1.4139488080086116
1357916.435665208;3297640.298418676;0.6275947291633693;1.5240861776228867;;;1788698.6062237043;3114539.7698466126;0.8266913838316864;1.439461731213148
1192593.3177277937;3354439.324053436;0.5708303288846607;1.6055898302543679;;;1810602.5200743643;2978222.775495115;0.8666381210173351;1.4255151870771237
1741475.320416201;4385818.358229218;0.5779351200543418;1.4555006491817286;;;2953735.3839711733;3986930.92224713;0.9802420934315392;1.3231237756769227
919026.9397546243;2177219.987112448;0.6462702924055308;1.5310460845446048;;;994023.4018243672;2047073.0571400055;0.6990086653243202;1.4395252695928369
1360319.3933704346;3183060.5864588018;0.6300366673195352;1.4742456025711876;;;1865789.9994454437;2821436.7497696416;0.8641471399273177;1.3067582624646579
1254154.0445201583;3129672.176634899;0.6028574882276483;1.5043975782926609;;;1871820.6907903554;2974455.3365351874;0.8997627723587647;1.4297866206020957
1823036.095701911;4368305.188965582;0.6014059965570606;1.4410712665695855;;;3053195.8731609173;3875385.1905689;1.0072265223444536;1.2784606394088966
809034.3059678569;2200034.520009224;0.5651779018021502;1.536907501621464;;;1038516.0874024624;2158409.523686006;0.7254900551636455;1.5078289719337339
1284771.7292194366;3064954.459919018;0.622329934459044;1.484631755806307;;;1837484.3677448705;2947811.6063285987;0.8900581326170136;1.4278889876247853
1193819.4415529985;3140810.0442921403;0.5950339701069115;1.565470124674502;;;1803684.7584338344;2984542.095502422;0.8990083971459297;1.487581681303326
1798343.1976735732;4364754.137649617;0.6146369319866506;1.4917837126481335;;;3155671.4288981464;3960133.977232165;1.0785439664270091;1.353492815593193
920192.993570835;2088633.6934323688;0.6286075419062598;1.426799487872917;;;1061179.1322365808;2254951.6968380767;0.7249188056180361;1.5404156010427368
1243985.7661873146;3109278.586721503;0.5899939752587454;1.474659665270228;;;1828582.444422201;2954977.5202729343;0.8672547988869502;1.4014782012574418
1300054.2349498712;3162229.840639884;0.6179175620323234;1.5030121830181984;;;1782005.43667774;2872373.2398426393;0.846989629630885;1.365242942867601
1797256.8625179313;4393228.792924135;0.6013135387867188;1.469855537773227;;;3069301.03263832;3920474.070292086;1.0269051152498045;1.3116845933898251
914828.3192135297;2089703.165338159;0.6396272233616241;1.4610730835752157;;;1053827.6115881118;2141492.353807465;0.7368123777381499;1.4972829101897351
1255927.8102208485;3108475.4642071715;0.6011028642416216;1.487755498169251;;;1782903.4790589018;3005004.7765053394;0.8533200548686022;1.4382331241629898
1188830.6921185749;3102760.392298875;0.5964950590867901;1.55680809370614;;;1790161.8589798089;3012129.8030207814;0.89821259740876;1.5113342520019293
1744617.9545006074;4389664.268030074;0.5938206535380129;1.4941227090605267;;;3070904.4501281483;3901467.408939991;1.045252619820642;1.3279537336855929
891204.3877976285;2165589.8899096414;0.6074026245801132;1.475963315380318;;;1016333.7743923321;2346269.7449063235;0.6926848773050417;1.599106131592147
1354337.2041695623;3063153.471547383;0.6407099835151663;1.449116958625492;;;1858714.1127581897;3055941.2495116717;0.8793206631836771;1.4457049998848017
1332762.436941221;2993477.9884446585;0.6459690116778223;1.4508917449030667;;;1890849.4818137763;2906224.6874211784;0.9164650331847825;1.4086014408957588
1825745.2186305646;4499012.716439862;0.619413192426398;1.5263618390014078;;;3052342.512319586;3992324.005324609;1.0355558928166406;1.3544596103028577
839348.9020076575;2004621.4981718392;0.5943189357098013;1.4194151114569584;;;1018020.6701214418;2092984.1205370973;0.7208313012026009;1.4819821554538402
1267884.8086957692;3126229.6581545244;0.6164794220345375;1.5200562697717275;;;1812112.4096497528;2936442.7572185923;0.8810974019884718;1.427776814890441
1183492.696337205;2974199.1382952505;0.5866766282457917;1.4743590117512948;;;1786184.2272262166;2921000.9823939363;0.8854406479212583;1.447987818393136
1824129.3381019041;4445549.666926839;0.6158420048621523;1.5008564153917219;;;3064211.8794754385;3954110.5810668236;1.0345047074031313;1.3349422855205493
941036.377088483;2114636.1277370984;0.630557977144423;1.4169491334945967;;;1130656.322911639;2114072.8806233685;0.7576161572271276;1.4165717198586172
1365523.25918804;3003623.059426415;0.6598697052065162;1.451458149423049;;;1793683.7061894808;2836279.4283052217;0.8667721552694523;1.3705917183365584
1266251.046888782;3167004.3173478525;0.6052128320792691;1.513690082877946;;;1783436.3087507472;2922391.420899903;0.852404854396018;1.3967757757299895
1784996.3967216793;4246339.6437554825;0.5934726315932347;1.4118159384784366;;;2888265.6160716307;3909472.984569936;0.9602857457070562;1.2998150722077582
904165.467776523;2109582.0786819793;0.6157997394717422;1.4367725164745009;;;1119987.5506603764;2172754.7347962433;0.7627896292083568;1.4797975009085633
1222282.6000070898;3110008.968362729;0.59105587719326;1.503898590116456;;;1887165.4115253296;3212548.9137850357;0.9125714525523093;1.5534835530281255
1256915.7068815364;3062842.891743906;0.6039976576631846;1.4718170218378936;;;1816336.7333943243;2909814.5549803316;0.8728215635236465;1.3982808599017749
1798913.131384334;4437514.965109605;0.6099066690817269;1.5045028712907222;;;3033303.8434025617;3889651.7501221807;1.0284166651331208;1.3187543641861863
883763.0042964661;2023963.502076599;0.616954288189753;1.4129273975886216;;;1076235.087006314;2004496.5090094137;0.7513189042772792;1.3993375043790488
1254252.179653574;3105303.0095297513;0.5932151167348152;1.4686940291416979;;;1880031.6246205918;2950197.9263168373;0.8891857616484156;1.3953350336088175
1263692.0907827164;3107781.1541994824;0.6094111933563646;1.4987168438302536;;;1793562.6186154159;2880915.5481310636;0.864939445092819;1.3893116803936154
1765247.0418547953;4422898.376103662;0.6024225168673936;1.5093941575347203;;;3068323.5333589395;4040310.4315585615;1.0471209647729256;1.37882909382907
880996.7671930891;2031935.0661515505;0.6327069283491576;1.4592782200617533;;;976764.8708003752;2029898.5979235088;0.701484868204991;1.4578156862532012
1300814.4559017902;3085454.759699692;0.6154660500969231;1.4598489777611234;;;1877844.2007996927;2931161.7214775314;0.8884813262337067;1.3868469240391619
1308263.7676997136;3263303.352357035;0.6160102057543964;1.5365618303860857;;;1834822.751610192;2961888.073904799;0.8639462229620299;1.3946371724684028
1736144.3029898747;4379044.867756958;0.5774524840523205;1.456497787832541;;;2975207.2097076145;3997726.8304759124;0.9895725780727658;1.3296690170542749
860151.4056514044;1990167.1079465745;0.6009866021908938;1.3905270166838757;;;1047713.9847807867;2052630.1249473083;0.7320363178438744;1.4341698406137324
1107401.7290761347;3062367.961214634;0.5432889865670607;1.5023913566865583;;;1726038.3118296247;2881952.3192828866;0.8467908082391724;1.4138798177460172
1251151.7938776875;3188237.9959444366;0.6089753330952202;1.5518167380391472;;;1809026.2212708949;2952832.478235025;0.8805105432188096;1.4372373926223623
1819901.7041371868;4463765.961151874;0.6167443353948591;1.5127203655067742;;;3088379.6845851094;4042905.4143298343;1.0466173374564;1.3700954327130912
810539.403209581;2086111.8258577867;0.5536143301401644;1.4248553450906214;;;1066195.2740356994;2061601.143667533;0.7282323106027444;1.4081140678025545
1189321.7274273343;3244583.96445164;0.6038541452592312;1.6473721377426533;;;1840272.2688741607;2921330.7761415155;0.9343611676624048;1.483246844117041
1243718.367716457;3110207.976252589;0.5973618544581472;1.4938426999803995;;;1849264.9263574793;2986441.322521446;0.8882077763485744;1.434397185857567
1775649.6234171966;4533345.274834903;0.5932259168027983;1.5145431122115622;;;3064603.9346121037;4001989.2059482434;1.0238520340792372;1.3370226222697474
1027753.7497500641;2090860.5787597364;0.6667462824681117;1.356427566804012;;;1173778.213428243;2087394.0301768812;0.7614783798508774;1.3541786736414467
1281447.1461659921;3032067.04056064;0.6235268028116285;1.475343773145675;;;1916264.214762155;2949352.8401781;0.9324162161099454;1.4350966813588986
1288354.7748190898;3065772.286751557;0.6277750543298103;1.49385511001699;;;1901251.567434388;2965154.8924051523;0.92642052435313;1.4448273954177966
1835359.9405846528;4393747.912863935;0.623721546305268;1.4931541120016278;;;3081865.7210243256;3976697.6953502414;1.047329197132944;1.351425396667606
811094.3883511946;2138081.751184987;0.5554777965983972;1.4642647725744558;;;1134867.7229033692;2231026.111291664;0.7772138868208404;1.5279176952179676
1210265.8167379028;3078288.755147987;0.5806541504813394;1.4768831089309373;;;1856679.7463804092;2952431.0769454683;0.8907867891008094;1.416499859063389
1192371.3717794584;3146898.2438658183;0.5815990653845959;1.5349522143939118;;;1850059.69691741;3101111.521079225;0.902397538299746;1.5126189750945105
1773070.068661753;4649184.431038803;0.5975860818246695;1.5669363309041033;;;3061848.2181781987;3962795.9653745326;1.0319489974944749;1.3355996223015247
887769.5032790212;2118566.075654887;0.6083035877354468;1.451650839452673;;;1075603.636120614;2107669.063425763;0.7370083658165721;1.4441841585066733
1283764.3005616327;3140936.761849052;0.6192050735452713;1.5149852490608464;;;1814600.6556067802;3035158.028194038;0.8752462830744918;1.4639644125071867
1285366.8660272558;3095138.9869792666;0.6145846132898968;1.4799080695696099;;;1877149.6350023055;2976925.92101538;0.8975393041527956;1.4233857385904574
1823531.2271491028;4377082.626151652;0.607628602302501;1.4585111341631118;;;3059579.55139704;4013770.9775054725;1.0194988814944415;1.3374501147627322
865425.1276561526;2041730.3720627392;0.5896483898508518;1.3911117067480214;;;1071390.03886033;2187593.6705744644;0.7299804351962806;1.4904941447628617
1278086.1446973137;3155692.809537747;0.6101573969121294;1.5065254545716718;;;1784545.6884131874;2902421.5043302197;0.8519408151246528;1.3856139174744908
1293327.7596447947;3252966.654914472;0.6235412672244377;1.5683255347440215;;;1777808.384200604;2916834.265758765;0.8571198480044441;1.406268844685122
1810972.6085043468;4400127.393885953;0.6076475104900085;1.4764035878719757;;;3087984.5944194105;4022257.1100733164;1.0361317131020258;1.3496142945559744
890850.2729677532;2046382.4760634906;0.6183669356495989;1.4204578471698177;;;1032571.2515858986;2021797.5811056355;0.7167398832981619;1.4033927054510966
1232837.946952419;3047979.6535567227;0.5842955824585999;1.4445702708935362;;;1852776.0747166693;2897534.764004955;0.8781112541336434;1.3732678871651074
1262948.0046039163;3151518.925586206;0.6262372684603015;1.5626918893458377;;;1866306.1605797212;3076359.8074844438;0.9254145601018776;1.52542397281376
1835971.0482425538;4388176.971581228;0.6207151034710053;1.4835787991163774;;;2956371.7564116153;3991659.656575709;0.9995062843917784;1.349522063065287
903376.780532901;2328012.650906213;0.6235383019929566;1.6068655810567563;;;1061971.3105353368;2195417.936868222;0.7330051004253393;1.5153446513338127
1316165.6318161278;3055535.283440629;0.6169126081181776;1.4321892285725732;;;1860324.2364841688;2994839.270821088;0.871970403216878;1.403739818754884
1190283.7738192196;3070369.0156121315;0.5693872647479961;1.468749767088659;;;1866216.9808866847;2949097.0618087975;0.8927284447168482;1.4107377975184403
1790077.2763295018;4338173.3998675365;0.595041997053793;1.4420580594799202;;;2982478.982385819;3912788.58789712;0.9914098532599611;1.3006553215208934
928989.4167194541;2090618.6463751085;0.6510001312276065;1.4650253152970887;;;1032589.7365310569;2073777.141496822;0.7235992594617474;1.4532234350081275
1274825.6272190793;3035459.6490504653;0.6252825670085714;1.4888467574577844;;;1795439.878797203;2938663.2987152087;0.8806359335377124;1.441369620881294
1275735.5802351728;3015909.898465116;0.5935573012012669;1.4032024878299203;;;1786019.3438745628;2933413.776895967;0.8309753510582657;1.3648197884392446
1791017.0510661895;4512966.836035987;0.5990391476505622;1.5094461581060306;;;3056515.9254945437;4024030.4059985005;1.0223089130830136;1.3459122251763542
936962.5529575052;2167099.7479134924;0.6518157535828867;1.5075840019612623;;;1091208.6577370919;2251521.111579709;0.759119979036485;1.566313323216309
1312216.91388307;3125305.2461102107;0.6110061624384682;1.4552325493380833;;;1702103.1177798908;2927746.6007120097;0.7925484598363558;1.3632435279314798
1229451.0198437462;3326961.3078720453;0.5746461595613237;1.5550237526508115;;;1877377.60987024;3026667.4019161505;0.8774874445144316;1.414666197114231
1783733.4355282565;4460082.460401294;0.592146909201446;1.480615876288747;;;2941727.2068104604;4088283.325578472;0.9765666991103631;1.3571895256110154
906957.9541136341;1981967.461440573;0.6534249389713829;1.4279239314911087;;;1015826.9548447526;1982734.945618146;0.7318604605255535;1.428476871458852
1241962.1964589315;3010254.6739994427;0.599540358179497;1.4531595008341383;;;1805524.2786912248;3072665.3519295407;0.8715922882634293;1.483287406745543
1300635.017721141;3140184.453652063;0.6207507678568184;1.4987078498254687;;;1796687.9002911693;3092022.261543655;0.8575006658354632;1.4757216028571651
1790474.2607816767;4444497.521727635;0.6046480575227207;1.500918975514301;;;3002958.8514428614;4026563.9488115767;1.0141074217692927;1.3597816642597396
839807.130314977;2021481.5602945124;0.5883164066633457;1.4161236845448484;;;1085769.9779033153;2155838.3769391715;0.7606226106027941;1.5102456760424265
1317078.4617525898;3152488.372333744;0.6252385257162434;1.4965374041822337;;;1823113.193568762;2922316.383953367;0.8654614272895832;1.3872710249532967
1266540.705733959;3114762.560462366;0.6108911149502306;1.5023447448247864;;;1794797.4176544517;3035416.3484320473;0.8656853985165404;1.4640736527747373
1834610.2613653298;4372987.44241788;0.6140561104253139;1.4636676335994523;;;3013045.2091390663;4008823.241950081;1.008486031405191;1.3417794826365426
890503.3719120024;1992356.3787835487;0.6207851008728651;1.388905639876748;;;1142233.2929608128;2132986.0349181658;0.7962703257019142;1.4869409736248964
1143015.1439436455;3109101.403005649;0.5450308143728066;1.4825315995387651;;;1843250.2059782194;2838314.4513199287;0.8789281281007105;1.3534106219377242
1328114.1440462775;2992324.109756936;0.6205366824236219;1.3981078991807543;;;1796934.2846429623;2982689.8916843897;0.8395841912566472;1.3936064896089313
1813401.731375624;4337242.299502062;0.6043725592869785;1.4455209694816535;;;3058179.9205763615;4084419.288104915;1.0192336278165468;1.3612598331868166
848732.4732343653;2116098.0874696155;0.6015154497434381;1.4997254528683872;;;972470.9714118649;2171389.7293466046;0.6892116564152231;1.5389118606936316
1278463.1228207708;3103143.8965447117;0.6228446179609717;1.5117968130804427;;;1792395.4709612534;2953843.6772661437;0.8732233667269766;1.4390603873062864
1179638.8798724713;3362488.724341431;0.5696945385736607;1.6238795575133296;;;1836790.1529547477;2883901.6528038774;0.887059028401407;1.3927508235092574
1802886.5737386325;4368204.299219751;0.6143532242784816;1.4885131625156958;;;3046088.0903154598;3996259.628177772;1.0379876732017206;1.3617689672699633
865893.2670631865;2096486.7431662192;0.6028739530303204;1.4596686432440515;;;965978.4586032619;1991038.0903580121;0.672557778229944;1.3862505343634723
1293382.3205664852;3041055.0444572363;0.6295683946212508;1.4802677536640898;;;1776542.5410753984;2836250.2157586724;0.8647520673325169;1.3805766993144666
1258108.5787664745;3162381.3408789714;0.6009057524840241;1.5104365166522253;;;1800363.2257919002;2987350.2368174796;0.8599008362217484;1.4268370570592366
1701424.7036701264;4286937.33107951;0.5750828150095871;1.4489880056454583;;;2974476.174929929;3974281.9298022576;1.0053751589287487;1.3433102475250878
873284.1649468256;2183560.35759226;0.6082175591717223;1.5207876248159893;;;1092600.0070823173;2171615.3403996397;0.7609647994694572;1.5124682604065796
1267943.6184336867;3191480.9534481876;0.6308236321868446;1.587816349118376;;;1823175.9566288579;3008223.7067613597;0.9070612149908395;1.4966427351667149
1176499.173870241;3087442.7586179785;0.5666114283786141;1.4869371694864317;;;1833873.098024673;2972054.8866696497;0.8832079772046473;1.4313654458556064
1816291.333011087;4318366.108885815;0.6065210070906625;1.44204826271206;;;3021327.6443395196;3995549.3020386538;1.0089233220959704;1.3342488302993432
909207.8912429498;2178810.567505674;0.5997566585442343;1.4372468146769428;;;1121480.3131365667;2172714.202074263;0.7397816183825873;1.4332253628223959
1192588.988641246;3146462.7328317435;0.5860036175042618;1.5460804697538673;;;1878949.5806548498;3004877.3240100876;0.9232612927496023;1.4765095089739595
1214983.5199944605;3223369.7339064763;0.5916328292248572;1.569610882720087;;;1780380.7296461298;2921720.0391007303;0.8669514201993108;1.422723406934776
1797862.1883320909;4454806.707067914;0.6091014067624415;1.509253072754772;;;3031012.269336659;3927683.328253371;1.026882844051538;1.330667865469683
970699.7144167919;2026436.9668201862;0.658810506185537;1.3753356924247147;;;1094261.20846103;2106143.145693082;0.7426712606777066;1.4294319976666676
1347753.455058225;3427479.4473926616;0.6336641505154573;1.6114748912644647;;;1738936.0058891908;2891581.056713011;0.8175838116659939;1.359515159892119
1240152.3679380177;3097868.644915461;0.5899648204965208;1.4737169127517196;;;1859793.4998032134;2987951.189472678;0.8847402679207215;1.4214270219719627
1759504.5157148936;4479033.178665307;0.5839822924157585;1.4865980962944265;;;3079374.722291358;3892170.492603603;1.022049272093053;1.2918174556773512
894673.1805029107;2182904.3532574335;0.6272166440626487;1.5303397627167608;;;1106250.8356842182;2042585.8213018596;0.7755445807141846;1.4319685131577868
1224117.6192835476;3291211.1578109195;0.603073389473618;1.6214470220403423;;;1823708.8891071964;2904534.876062977;0.8984678300854397;1.4309472104296972
1279380.1463964754;3128681.9102464975;0.6261404875207823;1.5312058906783355;;;1914554.0777522784;2864494.4633087744;0.9370004896552582;1.4019101084291132
1806691.5996038269;4515413.303241869;0.6230688289459506;1.557218331936013;;;3027120.380823728;3940771.3692845847;1.0439547907190398;1.3590431276385482
840918.4353399405;2030318.8515239707;0.5848004845756688;1.4119460322383774;;;1061102.1730404587;2082069.6227499621;0.7379230123876468;1.4479351065864623
1279617.616021502;3086699.714883904;0.6321792045256106;1.5249456915353579;;;1851091.686755023;2840038.2541961186;0.9145088777967382;1.4030856576843476
1254875.691895152;3112493.878989487;0.6147578692876667;1.5247965336939155;;;1839264.7694275256;2939801.6336401026;0.9010474089282225;1.4401953915416132
1778301.0960165947;4456499.15781408;0.6151699305010648;1.541642348043044;;;3148849.8289709743;4002228.787457114;1.089285574183939;1.3844960285658952
815272.0323443607;2144643.5609663627;0.5657455121839148;1.488242478233765;;;961728.1240857387;2178305.6974973544;0.6673764689044841;1.5116018011559167
1230875.9608407656;3118235.8823529324;0.589553222806019;1.4935428689783021;;;1922328.1390585625;3035719.222501475;0.9207383893487913;1.4540198266098534
1231158.9725532385;3159325.0706601297;0.6066998597115212;1.5568761791805945;;;1791623.106410308;2891931.726111676;0.8828896280232811;1.4251080580508708
1809530.0266312805;4377128.304948609;0.6164633032031424;1.4911822040532623;;;2991262.70827954;4049624.2075787974;1.0190511695057531;1.379609444991057
907767.4008139126;2001089.9837895215;0.6319312280595875;1.3930344378747728;;;1080350.5164813783;2022099.66419121;0.7520728636022459;1.407660071187309
1274738.5435333254;2958420.9147237204;0.6221366378002674;1.4438584684060665;;;1900717.8770810282;3114202.1167594353;0.9276460929598765;1.5198875441397839
1287088.1836921535;3093909.4972521383;0.6157479777526893;1.4801383000952941;;;1910387.471275299;2918016.427852559;0.9139367737705775;1.3959903736705348
1806804.2384258185;4395993.848211807;0.6129881940896427;1.4914135537961157;;;3116170.4505684404;3955844.915315298;1.0572123179397124;1.342085755151043
924284.4562223366;2063416.5999524654;0.6479679916000091;1.4465545764665506;;;1086830.692286023;2194860.6056198413;0.7619207443648915;1.538703165341729
1317484.048694269;3157418.4583136337;0.6449641348513054;1.5456898065278666;;;1895584.2040251424;2890051.679604763;0.9279685984802273;1.4148024661544856
1280776.6255117964;3064125.349798883;0.6155031103553672;1.4725274070069054;;;1901609.7518878034;3000016.480172741;0.9138570252258722;1.4417185931432943
1828262.8941679408;4327813.91385097;0.6187001918497174;1.4645701705870262;;;2965462.026884927;4000414.3682755004;1.0035383482372535;1.3537752940376988
921310.047456489;2142119.7298599505;0.6336315260146269;1.4732441017922397;;;1132771.521962428;2185779.3246298865;0.7790642792494484;1.5032710137266407
1340782.4030418596;3096320.989938709;0.6501994474983618;1.5015308914916268;;;1925838.916720196;3087657.1983989687;0.9339169404233459;1.497329469650469
1324123.5086321614;3109835.830527787;0.6430604287684604;1.5102914112933126;;;1884979.1247766076;2840674.9735631635;0.9154398938590075;1.3795734722498785
1809511.0776312838;4330383.401697195;0.6201924061362438;1.484196993646857;;;3139710.3477388374;4006773.6816793527;1.0761053298905474;1.3732828945910691
888848.444531768;2046040.8225275013;0.6247177350044192;1.438038167518305;;;1085196.0281232588;2099537.09813779;0.7627185589350763;1.4756374594291288
1251381.8503822205;3042206.9983490477;0.597174980986459;1.4517790120106548;;;1828188.0059505892;3084317.2213773294;0.8724340514925587;1.471874534115733
1258110.5224710896;3126961.9104010398;0.6087496732440517;1.5130125749719023;;;1838888.0995687705;2918531.5885824542;0.8897648574993042;1.4121614271315646
1809340.9047062998;4417387.877076775;0.6080143001394653;1.4844272804197562;;;3068631.243933552;3989536.419598151;1.0311885799482414;1.340651276790002
862838.8187091656;2110855.3113926146;0.5958438187770855;1.4576767553268972;;;1035443.6130763234;2052722.748270921;0.7150381544802716;1.4175326082919395
1337222.1903077536;3420590.412239433;0.6507519082779298;1.6646117259613462;;;1862584.8918119196;2904496.466705021;0.9064168105057359;1.4134574134308977
1202829.9699388375;3092816.5618322473;0.5870979342166034;1.5095950880363753;;;1835578.3830771237;2956264.081030549;0.8959406597193703;1.442944205206356
1813407.64529492;4490401.106543784;0.6203486493147898;1.5361213837129495;;;3069061.6705658417;3977848.8323805663;1.0498953541632814;1.3607823683485
759504.8169326063;2142334.3730877233;0.5276166304850594;1.4882476293776623;;;986134.1227528034;2129244.1983108683;0.6850526177760138;1.4791540808520345
1270709.7405420926;3061423.1432879614;0.6229330270365893;1.5007845811228893;;;1783934.9418724;2887606.063968787;0.8745285866014063;1.4155751930806122
1225361.6117376676;3206143.5576234353;0.6006649057340203;1.5716323241746106;;;1786201.4964736106;3027533.4744651597;0.8755852502836378;1.4840787336787633
1786233.939040111;4326359.07954965;0.6005983417296252;1.4546829685146179;;;3125756.8881097836;3992668.4154607453;1.0509958200981946;1.3424837458248104
980258.8651684831;2083443.9126882243;0.6504012409731591;1.3823639392207794;;;1142569.1279857634;2088822.1640758645;0.7580940149027213;1.3859324061850495
1329985.1962888741;3022410.972754612;0.6386584332082287;1.451360708192092;;;1812824.7337104687;2892767.807194748;0.87051781278713;1.3891061047396234
1283807.5898731856;3099087.248568296;0.6174176959246594;1.4904346442363208;;;1885312.1338046088;3282691.384765743;0.906697454458442;1.5787348253751958
1797826.5079767853;4446425.457482341;0.6042033254204664;1.4943294226250998;;;3079170.988445322;3893832.600609844;1.0348303034259807;1.3086171527010713
938494.0663907983;2094443.9423265997;0.6523259052903768;1.4558004037387495;;;1005661.8404313865;2114345.9326687236;0.6990126991407293;1.4696338251016932
1182130.236078247;3008274.0803511264;0.5769452200718203;1.4682048545534798;;;1825922.1036281374;2882564.563010115;0.8911514127297957;1.406851627189933
1246704.3999758768;3154201.178946322;0.615391547285931;1.5569598888079996;;;1855219.2915450807;2924932.024892079;0.9157634082311149;1.4437892771849823
1748709.9183732944;4415927.6977715185;0.5883902461979423;1.4858317883283394;;;3040093.5757675925;3957713.6353726154;1.0229034494037978;1.3316560258685206
981870.0401980114;2202790.531991496;0.654591445897514;1.4685526396699886;;;1120356.734466936;2126179.661550087;0.7469175193367042;1.417477835061839
1268862.4813750447;3130307.394679212;0.6280922926280287;1.5495153943111981;;;1845927.0030863606;2922884.1791045377;0.9137416705205617;1.4468400256822889
1238257.93899463;3161224.917230871;0.5913881011394656;1.5097910881103076;;;1790627.1965986267;3095202.4813015107;0.8551979230635394;1.4782589801485626
1822265.137633094;4341520.986946163;0.625395051429787;1.489994888691869;;;3072744.5506254053;3905352.595717747;1.0545552327061507;1.3403034152443507
926351.3339046795;2053033.5881634932;0.6513462570573256;1.4435513765891141;;;952435.186161569;2149445.113487829;0.6696866198498613;1.5113413001945522
1227466.0783871657;3357401.3135925443;0.5974661904206142;1.6342070936746447;;;1752885.664378333;2924155.5833076118;0.853212922604852;1.4233257662415866
1326599.3996014069;3218676.703841171;0.6406198352373365;1.554311075609202;;;1871925.282317606;2899524.6493558153;0.9039597532572542;1.4001913491706877
1823378.2259003103;4416129.07444553;0.6235555861842962;1.51021982963613;;;3021862.05693588;4048090.728746943;1.0334109179955493;1.3843587421609482
884356.4693359453;2142209.0064371936;0.6200879915900606;1.5020618115285906;;;1038492.5915752328;2213456.074236938;0.7281642728011976;1.5520184214596495
1215283.263326006;3190973.562090712;0.5664337494012256;1.48728709886821;;;1920447.9712133722;3069669.774714314;0.8951053451417093;1.4307483797286622
1330552.7120143666;3095280.613075936;0.617962209304364;1.4375728438278652;;;1841420.2560380339;2990709.196329772;0.8552296496065345;1.3890056708485137
1789175.0976109556;4274508.812955668;0.593076768636118;1.4169165878059855;;;3050438.515515886;3876674.6765845385;1.0111610764765433;1.285042304306744
843548.0531659825;2058475.831908768;0.604282034005798;1.474604745976278;;;1005070.2724506005;2083061.3627010726;0.719989698601918;1.4922167770852666
1217758.4881684787;2998213.8838858;0.6047972649257191;1.4890567992374977;;;1823271.1949973158;2806227.158869553;0.9055239135394656;1.3937069845410652
1210219.309844031;3042168.1812877245;0.5945125437617071;1.4944457829229139;;;1787224.5035634805;2876734.9084864603;0.8779626777098061;1.4131777391593587
1788588.385600942;4302958.396602371;0.6062079258846312;1.4584056934350296;;;3084489.6671930407;3932549.289818718;1.045428953142524;1.3328625901923834
892754.6786846292;2126519.9150183513;0.5945414670681353;1.416183303443924;;;1032859.4288682272;2168854.176435797;0.6878460284512254;1.444376349631549
1313266.1603197006;3201401.134890275;0.6252056937855042;1.524088778117547;;;1782944.9394779934;2953244.804369528;0.8488053385890405;1.4059491690433898
1323934.5963488405;3083405.629268124;0.6407418070963696;1.4922692558657273;;;1798168.0530737606;2932677.8304294934;0.8702555632029587;1.4193218440571194
1689617.283635153;4704978.806402286;0.5672676928564444;1.5796372931887088;;;3059902.513572947;4024456.2127408073;1.0273236762266553;1.3511604153880261
858266.9705040929;2076228.6578391232;0.5936656735909858;1.4361331928700773;;;1106656.1524756134;2226868.6960839075;0.7654771682605613;1.5403313303352022
1254733.529048028;3106405.3976009176;0.599459722804505;1.4841118655505263;;;1781823.8821109994;2906664.08708352;0.8512816671656994;1.3886837384913788
1203952.5461918062;3028611.540731365;0.6025938753411485;1.5158593841633758;;;1815481.8499181455;2816150.2270094124;0.9086722288300253;1.4095197391327268
1810915.5366199445;4483529.402444043;0.6026907425273706;1.4921632787721801;;;3088343.25717395;4055824.9108671257;1.0278314218451587;1.3498189604436095
905131.4592489247;2234472.4070840436;0.5956760064026109;1.4705284920415091;;;1072191.3665274344;2094384.016926534;0.7056197912316446;1.3783349306094046
1352669.4919444355;3194814.940798193;0.6577676434154086;1.5535545876298127;;;1900520.906627982;2960999.761779815;0.9241733959841203;1.4398564076874296
1129919.9998812235;3125577.6356015545;0.5491215641438996;1.518976635775219;;;1783822.6552199097;2873565.5160791515;0.866906937387292;1.3965031073219585
1743362.3582604355;4449270.922299591;0.5897801409290219;1.5051900249834618;;;3018142.3259111573;3911892.2853856874;1.021038683028519;1.3233946301766286
947358.3119370475;2064758.1720818698;0.6520277682786906;1.4210881416398984;;;1088387.7233001336;2127407.613740056;0.7490925126252213;1.4642071760259159
1244350.569683453;3048871.655895131;0.5979853243048743;1.4651662886112418;;;1846147.635636675;3066435.7984913588;0.8871850260748543;1.473606916005509
1260317.8880156137;3225842.757110446;0.6086483415578053;1.5578639825012208;;;1756848.187371598;2890466.6588748097;0.848438910357918;1.3958999987076979
1787178.147192203;4357242.415284436;0.5978261628450543;1.4575343357950477;;;2987152.150551841;3991221.8301614015;0.9992275872466254;1.3350973631461913
867215.8382565846;2067561.4928560606;0.5944455643185993;1.4172397506658367;;;1051109.3437710588;2140204.262453165;0.7204980115154113;1.4670337814732404
1243233.7268190884;2992657.581244149;0.6147172023133463;1.4797202297037808;;;1828600.3144909781;2958028.661802572;0.9041518462897772;1.462597952517234
1329590.740496294;3080289.006306113;0.6456854354161384;1.495872141454531;;;1899326.985159031;2957890.264574363;0.922364855633897;1.4364319825828222
1804205.8659695692;4441211.1606402;0.6181907800925842;1.5217308865563592;;;3170904.9208122534;4039940.7376398044;1.0864747884759416;1.3842401043227093
881272.4769645133;2187787.6747092823;0.6074320070403353;1.5079697743474183;;;1083751.4360314813;2177126.142799347;0.7469940649785622;1.5006211325873997
1288341.275805731;3098659.215964513;0.6156783198298192;1.4808011942465233;;;1756873.560420279;3189106.7329843435;0.8395826340008488;1.524024660231281
1269895.7485261108;3045515.2620353005;0.6103781279876103;1.4638334733826233;;;1877650.7675142281;3004413.7096576355;0.9024968874964852;1.444077923663852
1808010.5937234948;4413457.477091262;0.6092608138743868;1.4872405636489596;;;3007004.8280729856;3894950.518295389;1.0132961694117926;1.312514833162549
843562.8538892897;2012939.292282092;0.5955848717522138;1.4212055269045354;;;1040354.6726348827;2101521.26075826;0.7345267770164079;1.4837474940990287
1272995.742995004;3182151.1928690323;0.6142436954100075;1.5354460679205184;;;1863048.7680384547;2983542.083210533;0.8989550564533926;1.4396135452038994
1251464.7997351799;3026826.050413517;0.6032170423223475;1.4589567825967105;;;1826626.9011837132;2917052.9355869773;0.8804502347901718;1.4060451756013008
1801984.587765904;4405597.442291281;0.6117591842692637;1.4956646776076632;;;3116830.917813526;3970890.21376373;1.0581388724033467;1.3480850915637703
873053.7586004374;2053894.1572841266;0.6107492022638321;1.4368121157928861;;;1081848.4843913463;2041246.5606870565;0.7568126158365749;1.427964425194087
1190958.7151767903;3115322.275914909;0.5703313167236427;1.4918786293757427;;;1778527.6667429323;3184242.7470395737;0.8517088065914618;1.5248835543532713
1181906.3162217003;3203168.4854651624;0.5533449612688577;1.4996595899356129;;;1748805.0706346056;2875820.71909866;0.8187556499152928;1.3464018954674315
1693123.689349211;4393077.120246259;0.5588029943379232;1.449902723937795;;;2951174.63745734;4006410.7312290506;0.9740134371749142;1.322286332204655
970154.5198758037;2036713.2729517152;0.6693207756400381;1.4051519419637577;;;981643.9174019514;2105670.7316376236;0.6772474433061562;1.4527264868308234
1288864.1783087417;3125902.936718809;0.6212901519819832;1.5068249574469412;;;1788138.7241862179;3028761.039145763;0.8619628029171597;1.4599982201361315
1228211.8273535536;2965641.3568512322;0.6063622865338192;1.4641229095263593;;;1847209.1965401133;2819312.6564085023;0.9119583179180183;1.3918811321636058
1801020.5976473612;4541887.240010947;0.6110450754236298;1.5409584070073545;;;3105946.481666558;3925485.5655301893;1.053776566814869;1.3318274241821964
807001.4773358548;2109110.374827788;0.5521419895345583;1.4430313093723668;;;1078528.4044461953;2174848.2731788293;0.7379178796132758;1.4880084934330333
1275696.3204864003;3157877.7149837036;0.6257938493330969;1.54909943632147;;;1865315.4700375367;2900823.311276058;0.9150319942682702;1.4230011931887339
1276841.2311845368;3084558.5376937483;0.6282845221334952;1.5177927682127148;;;1898858.791882366;3178294.5666907937;0.9343554699827634;1.5639166673684968
1813324.2445865918;4352390.464173971;0.6271682666814539;1.505346432931635;;;3161971.984346197;3992533.0047090915;1.0936204568145689;1.3808837618022178
834238.69688594;2078938.9960655132;0.5843271713227691;1.4561546323110062;;;911536.0869103529;2058188.8595643265;0.6384687083099624;1.4416205803525441
1274663.134469034;3042795.5206243116;0.5922244082300971;1.4137207924488702;;;1841654.0410162185;2967305.8694094517;0.8556554630880739;1.3786473579003455
1239345.3078596122;3200250.33471322;0.5711656153040876;1.4748697880741424;;;1862006.1565799245;2969980.8300303128;0.8581255646658262;1.368747610103321
1751934.1321714355;4367263.065105793;0.5693953560014814;1.4194022834784852;;;3066901.511389207;4024839.5518560335;0.996772336260446;1.3081113652585954
842809.9893578513;1973642.6563238185;0.5938736419917716;1.390698220359699;;;1030858.1158679428;2082763.3683734338;0.7263789838486777;1.467588522444295
1256353.790238436;3091973.8691167207;0.6063012052493193;1.4921493436089261;;;1761662.4993888016;2914393.3225386143;0.8501571013840381;1.4064511109489162
1257284.8763872623;3045828.4691741825;0.5950987880208002;1.4416532518335226;;;1804995.7295944316;2962294.0225757365;0.8543415985014298;1.402114680375027
1785081.5770128206;4448793.26535041;0.584875600963964;1.45763121873145;;;2990021.795159442;3890648.9773689876;0.9796699584260338;1.2747572369137588
966321.4955150235;2143568.7478766865;0.6513018950041581;1.4447680135891907;;;1080788.046376699;2074847.75246811;0.7284524932644865;1.398449976844781
1206211.1620338124;3097517.858098269;0.5769612517262868;1.481620993822976;;;1939587.4430260381;2943023.1659096675;0.9277536423009168;1.407722282058523
1269162.2620826303;2976484.4984124424;0.6293989564501796;1.4760888289546055;;;1839487.3444257898;2862899.4858771735;0.9122327771431374;1.419760106856639
1817025.1776288443;4573137.95422564;0.6186510280312149;1.557037586238754;;;3133001.5940635283;4010693.732812664;1.066707649874267;1.3655395816588587
808535.4847950278;2113703.691891487;0.5620680872263936;1.4693794068494057;;;965013.0223102923;2024191.7101710264;0.6708462817015532;1.407153531429457
1247728.8506088958;3094062.869821497;0.5884438493526143;1.4591970558092484;;;1870484.73835493;2943059.9087176924;0.8821429744577594;1.3879822532884898
1206309.2818569818;3157657.647897342;0.5647421470305649;1.4782795643550801;;;1825444.4019526294;2902000.590605344;0.8545945938977498;1.3585919207216488
1783113.1621041365;4409654.695962828;0.5987101880974295;1.4806156157521717;;;3030528.694065982;3946868.6657507215;1.017550900873748;1.3252274345162736
833661.6111482613;1904744.0452757378;0.6064838945645328;1.38569003451688;;;1072141.2842357564;2013659.5672204464;0.7799764471475475;1.4649254329617871
1252905.7414912302;3187243.034972386;0.5821291416101875;1.4808672277638457;;;1813421.343232634;2940604.7235066933;0.8425577239810226;1.3662733331179295
1187429.1512585517;3136838.1288305917;0.5652425702725069;1.4932044110503182;;;1778476.081932579;3177414.939631497;0.8465939973380864;1.5125198715190589
1806294.8975463798;4316533.899943034;0.6048383289547684;1.445392529461606;;;3046299.4854823984;4083348.681158689;1.0200541964646914;1.3673103966614417
835897.7173084082;1950668.5807659817;0.6004051430997702;1.4011181321875874;;;985280.9490205598;2182717.3369717803;0.707703510777629;1.567793149705864
1274567.9404408676;3175783.8840643195;0.6096776009355126;1.5191063874211945;;;1804155.878614973;2928264.812737264;0.8630010161774582;1.4007079648622
1315989.3373791599;3144067.731740911;0.6269416130951421;1.497844123375377;;;1887017.9372753303;2959119.486010812;0.8989815007855231;1.409734175806906
1767001.3941916476;4365194.700144097;0.5817888738688617;1.4372494086100942;;;3069081.0344960997;3851383.193147548;1.0105012960041313;1.2680759042659526
916457.9008198133;2067955.9378691458;0.6221044141409869;1.403757353225545;;;1146457.7809849698;2003428.9326906728;0.778231542920876;1.3599555215026506
1271672.3101815898;3159043.340702411;0.6275672344067998;1.558980310275636;;;1747597.7473494387;3135623.336493502;0.8624352959317256;1.5474225943817659
1182499.166390258;3085572.949063974;0.5796932294565493;1.5126317196712065;;;1867975.3817901977;2927217.73404903;0.9157323001933675;1.4350016894754782
1761146.821624539;4418530.875047239;0.5976952751124794;1.499554151037935;;;3100579.666118299;3989438.8002278996;1.052269915144998;1.3539295486148637
905587.251483376;2289457.2648537084;0.6106470973849674;1.5438053385577146;;;1112246.842021411;2217023.0505837146;0.7499998531819427;1.4949621789142018
1237258.8198960398;3185166.1130454508;0.5892480548158431;1.5169444793572566;;;1845810.039053305;2838882.564831995;0.8790723150093236;1.3520259482316088
1270664.3533009146;3144264.6151565984;0.6228382229200431;1.5412159632928135;;;1882764.860001911;2884710.2295430857;0.9228699274781567;1.4139908689028868
1746539.8203174288;4453599.404897903;0.590951183580615;1.5068994184398299;;;3091153.021820346;4020715.681610153;1.0459083243470089;1.3604308720867408
883023.3110006641;1976576.733533974;0.6125861365657564;1.3712248473363677;;;1115610.7880484026;2100975.1120209247;0.7739407261935081;1.4575246325436335
1264046.0026375595;3119041.0860568807;0.6065469888227992;1.496658329534581;;;1874500.6990694234;2975997.9643766815;0.8994710257335433;1.4280197083563173
1272538.6692689045;3147335.6198548046;0.6083628840880526;1.5046475373420036;;;1823180.3881276522;3011647.7642295416;0.8716083101595196;1.4397792098189326
1792704.1823956892;4530509.724519758;0.6053811522813148;1.5299150994260926;;;3087265.4372540256;4028260.315397702;1.0425436199437592;1.3603096904508105
874948.0739058121;2098153.3962482517;0.6154565058902629;1.4758843371266712;;;1062187.2308882433;2144140.717410093;0.7471643874881037;1.5082327665267994
1270772.5364699163;3110959.937838095;0.6236769592863087;1.526814578384083;;;1819113.4657481953;2933261.3815620644;0.8927948333430731;1.439602672187505
1261878.0292316014;3010058.5642526145;0.6233136152099219;1.4868398071883144;;;1760946.6665910329;2999412.8002196425;0.8698321133406971;1.481581256431151
1788493.0341936154;4389898.0359964855;0.6121610710055279;1.5025636845895327;;;3121266.7890853975;4049654.22446462;1.0683396490621473;1.3861058555187813
887466.1342696385;2086066.2989338746;0.6028684804888461;1.4170947727174372;;;1077912.696668302;2055816.936905633;0.7322415633074887;1.3965459470017032
1291502.0338094425;3072546.0247681425;0.635139301789189;1.5110272270576413;;;1862700.5813190844;2927352.1989655034;0.9160452834686583;1.4396233091928121
1337584.7391898634;3145471.56695412;0.6406059889464475;1.5064525370347812;;;1834765.9566165884;2828946.596986308;0.8787196995350944;1.354860054351938
1812626.1443582403;4432706.82260471;0.6100034833685759;1.491739822332676;;;3119703.266235337;3930330.0347135826;1.0498744406854212;1.3226748490998184
950625.9618687464;2212656.219929166;0.6487289519807465;1.5099673354455647;;;1043328.5890371451;2094515.1545021953;0.7119913502121137;1.4293451637034158
1294464.560061083;3053198.1578787826;0.6061277716394224;1.4296476341703235;;;1828705.8286346926;2846848.7290319037;0.8562840753570459;1.3330253523829223
1206023.2149212507;3025176.7159680096;0.5843352579093658;1.465740787304829;;;1833456.3607717042;2928324.0942444596;0.8883354666660017;1.418814326027942
1797416.6269596422;4446591.4216780355;0.5964647910793134;1.4755817786288943;;;3007463.1970092133;3975705.7561789276;0.9980134157972835;1.3193204445111282
846652.595649335;2162942.3906696537;0.5871010309943994;1.4998663136085102;;;1073928.926526261;2120474.79585275;0.744703061466096;1.4704176721834703
1274452.0226622047;3010443.313658023;0.6305357712289497;1.4894183247112431;;;1886456.6807553049;2939634.6406433107;0.9333253798015458;1.4543856985667407
1198761.7130673702;3101981.1152206957;0.5880345396640282;1.521630209950489;;;1875205.9528352185;2864426.772141794;0.9198540937958136;1.405101497651065
1817836.7865374016;4323885.122092153;0.6248726409060619;1.4863146874492865;;;3118959.195418221;4000779.414138114;1.0721272029220927;1.3752486563752646
840892.7504828494;2117902.136413906;0.5756797560333703;1.4499273355528568;;;1074435.0683479882;2052591.668792462;0.7355640985905761;1.405215433773291
1281515.3287100887;2991745.9291151534;0.6229069001294656;1.454199681369287;;;1905028.820749261;2823580.7572804824;0.9259784653412172;1.372459538625375
1261930.1195130402;2976253.241502447;0.6190735037868533;1.4600804702917307;;;1827879.3246670563;2919391.9079482737;0.8967149927904455;1.4321856253640586
1800612.3371198713;4462399.67865487;0.6127028270481893;1.5184417223887725;;;3142749.734630218;3973779.1223103106;1.0693982304891267;1.3521765080200674
909007.0203924439;2086214.3087410254;0.6250367688766588;1.4344890869564313;;;1100296.868990701;2134775.3473977405;0.7565684140724694;1.4678798463393277
1362100.329601874;3224850.189308932;0.6627436979339256;1.5690834906193838;;;1873970.6196050113;2982048.2140211505;0.9117993669523345;1.4509457327238844
1305447.9993745112;3131658.909151229;0.604893979044173;1.4510892961445123;;;1844671.6808804949;2917436.160082539;0.8547493225410293;1.3518267815533307
1783828.1873026171;4481891.484120417;0.5987258990627999;1.5043065960234625;;;3119470.78546806;3968381.3761515366;1.0470223331618742;1.3319515434124758
942966.1780914693;2104638.1365469503;0.669004404636847;1.4931735795300347;;;1029769.7041252197;2066391.2267289644;0.7305887356593272;1.4660386178246543
1196012.158937798;3105743.9261533455;0.5831247245735286;1.5142288128094747;;;1886514.8323422219;2933931.5797049557;0.9197844969991202;1.4304604109146077
1224562.6715927396;2991571.6114991945;0.5999500396938373;1.4656608017713644;;;1865430.857496575;2857930.7179939765;0.913930616181143;1.40018611335963
1830416.3102234064;4408855.642921461;0.6249177811254052;1.5052162015210768;;;3088910.2012261217;3878690.2201335463;1.0545769824408184;1.3242137717527371
849806.0744728453;2045400.6392659654;0.5851013727143521;1.4082821454620835;;;1034269.267701955;2030186.8160031126;0.7121064281213474;1.3978072510800321
1249914.5709641105;3160743.7933860114;0.5932041734057714;1.5000756474554355;;;1872983.9339769555;2972988.777922634;0.8889102600828807;1.4109679105443993
1214580.463803323;3027669.104291805;0.5810720736736128;1.4484787276417541;;;1812410.5123718798;2937434.9150823555;0.8670822281086175;1.4053094449118104
1743217.4617155327;4333445.192487318;0.5812165001886517;1.444839731044311;;;3015735.7695533037;4005072.270370357;1.0054943964068273;1.3353549623673635
861118.3325123221;2170245.4692917047;0.598977087697976;1.5095803465169768;;;1124268.2263912528;2056422.784590462;0.7820190124979893;1.4304075108889074
1345541.4132229735;3094441.749241298;0.6215638088762526;1.4294565600898261;;;1837165.9400087353;2923182.4719139487;0.8486664535090904;1.3503444884174978
1260643.1763059604;2918970.2166497316;0.6097988105626536;1.411965415460919;;;1793777.2102020418;2941068.334510703;0.8676866140670105;1.4226547256801518
1797728.3796332304;4530217.28521942;0.5934970482304905;1.4955933371697732;;;2913703.763009382;3829461.7967841057;0.9619220580569267;1.2642478688390542
953873.8955892903;2179479.686164947;0.6641693755911579;1.5175419612248775;;;1104944.7272999575;2167027.863619239;0.7693579339857916;1.5088719271214224
1345218.4048784666;3064247.7425555354;0.626563866837707;1.4272380659984858;;;1841072.2233461558;2928504.555254617;0.8575182492329037;1.3640128112564331
1315365.9236620252;3121551.7395205284;0.6223244828682165;1.4768651347110902;;;1944552.4084550582;3016787.123052303;0.9200045023462818;1.4272990142927027
1775284.8133677428;4416905.664828534;0.5981134441784798;1.488105254948065;;;3092894.270297238;4061395.373865627;1.0420309071298115;1.368329834706991
841525.8971561563;2020358.1115407485;0.6181379946031138;1.4840423992515468;;;1051836.0687899415;2148089.470706686;0.7726201182996842;1.5778667324890434
1179146.649020329;3004654.2826418774;0.588729936620368;1.5001780540660916;;;1884660.5987905185;2837463.0643960065;0.9409822907088782;1.4167020289226941
1283150.8690768657;3064201.7835624395;0.6265540739656261;1.4962294436390047;;;1852321.4415854237;2861942.061595067;0.9044762961928099;1.3974673605107886
1774398.8008265414;4296878.5964010535;0.5992449335041558;1.4511296601284678;;;3104387.921772607;3973639.381192352;1.0484050895927004;1.3419662285856568
1007082.161286889;2173147.705718747;0.6623323572214008;1.4292240473008915;;;1160518.960608321;2101982.109041049;0.7632438427840179;1.3824202419982778
1211002.2505644178;3093687.4194129105;0.5874054194600623;1.5006155070575504;;;1876672.7297143952;2860611.959751239;0.9102937104149548;1.3875605659254422
1274432.220537795;3024892.97762625;0.6194691836253665;1.470323767091752;;;1874438.135140778;2889280.7276764074;0.9111168429513796;1.4044060914302108
1832741.0503863685;4380066.201207597;0.6231936168390407;1.4893698688909456;;;3079213.6539180516;3908162.614075457;1.0470362376620566;1.328906772807515
880263.8247616274;2013179.1862636071;0.6111152043349917;1.3976314545353419;;;1116320.695261225;2128439.1069646473;0.774995553148718;1.477649612739134
1223174.9081588539;3068797.3757023467;0.5908370016278108;1.4823383213382544;;;1765664.2995771114;3125811.01215987;0.8528786796433582;1.5098779363121795
1131915.1263276562;3192357.0572850932;0.5465255709336554;1.5413741920891855;;;1765716.4345733102;2941334.0049546976;0.852545531079664;1.420172068536447
1777707.3749856362;4588922.826041236;0.5929704696274355;1.5306769615351998;;;3079794.108388515;4037127.835809052;1.0272933467588852;1.346620721965013
936859.3647545364;2073310.580383905;0.6322064870797498;1.399100492519722;;;1009898.8712707225;2251748.2214142946;0.6814946209980514;1.5195128387507668
1208942.0510288996;2975574.8705458893;0.5849232880780575;1.4396744953332223;;;1889563.377966869;2896505.3736694236;0.914228786343905;1.4014182447045853
1297901.9147542606;3118674.174694874;0.6205545201073676;1.4911044770401167;;;1866685.4347978646;3016906.609870537;0.8925020226984752;1.4424472390515137
1776238.4958050644;4380411.692498556;0.6032746237435729;1.4877457176358981;;;3026763.9881162643;3966085.781457454;1.0279981603843298;1.3470257024572803
945010.1310804536;2064178.2968328982;0.6643918488763569;1.4512259603770348;;;1080868.123227035;1981547.5164906918;0.7599071662451738;1.3931321737391211
1243528.1184353074;3135237.7159010023;0.605122175350911;1.5256606093277776;;;1927335.3294132245;3071213.450726265;0.9378745280264995;1.4945053004582611
1288804.6578013613;2948454.238788887;0.628918904511357;1.4388050187717245;;;1870159.7401537448;2968265.278171403;0.9126121696714238;1.4484725328594985
1799857.5083403366;4422382.128638404;0.6108514588706759;1.50090691204404;;;3043240.124083967;3960563.2207354577;1.0328415782228435;1.3441707524762159
873105.5176519661;2010658.4690578775;0.5973833513123914;1.375703016767818;;;1043972.1007110429;2021672.531650914;0.7142911590761447;1.3832388958687623
1253403.2556295188;2954070.819930384;0.6284060759580914;1.4810525213790064;;;1821338.6352804804;2956246.2881809887;0.9131460762104288;1.4821432138282193
1169484.6954734132;3060959.3310240773;0.595146319748651;1.557710577838585;;;1730494.9481501495;2953376.456431452;0.8806423065829744;1.5029620615650456
1823867.486282027;4506492.564159869;0.6309547268185844;1.5589908839955025;;;3080560.4318908593;3923417.5753903193;1.0656992245166224;1.3572800014774988
880481.9719705805;2144238.4594869767;0.5727600631526921;1.3948430457031864;;;1022105.1352583048;2194691.7794262944;0.6648869828748728;1.4276633051004703
1214555.5654181382;3083875.7928468143;0.602747643776857;1.5304354290278768;;;1831588.8442664482;2889868.0905673658;0.9089628269658507;1.4341552021259145
1275923.6652951143;3052282.154108985;0.6103983203966183;1.4602032636597972;;;1890064.91304828;2876587.5987998573;0.9042017792642852;1.3761514787603322
1815468.2467174015;4485975.010475453;0.6123643470367237;1.5131364390866542;;;3052301.3911471353;3929890.246728914;1.0295528725047698;1.3255669325065003
982998.4895391082;2076772.383241311;0.6679816837110362;1.4112391097289891;;;1084407.934760415;2129446.4230248625;0.7368929309652321;1.4470329529107584
1260334.705136603;3084739.9531539474;0.6027052954591137;1.4751550499267347;;;1862443.6246210283;3145590.1311924886;0.8906401057419865;1.5042542442788285
1187434.540282069;3075197.986550427;0.5846020175897138;1.5139924656378574;;;1754965.3880490924;2981843.187484758;0.8640108333128862;1.4680316972467775
1800014.347771785;4497720.80615079;0.6108969467291743;1.5264566702588076;;;3122015.3603139175;4085760.715674538;1.0595635827115992;1.3866438061237245
922395.7745696973;2193835.176140815;0.6370052228555573;1.5150594829403623;;;1047711.1168892948;2427715.9328317894;0.7235478217727684;1.6765772041236169
1274644.5048168146;3097075.8945529778;0.6261022278474967;1.5212760185798422;;;1905726.8044593292;3028732.0206361106;0.9360882924075795;1.487705676765025
1266875.8910703436;3032023.7866245657;0.6092737265238433;1.4581794826207723;;;1868786.917948108;2913314.693301775;0.8987484706298119;1.4010891771134688
1822442.0450934088;4471290.244214975;0.6189055021371248;1.5184604312917171;;;3086343.507471503;4086767.7678067395;1.048129340190569;1.3878757155883148
891261.7059185859;2067553.8910683007;0.6188880991534689;1.4357000744487334;;;1054693.8099565974;2148600.6507250895;0.7323746133131789;1.4919785779381673
1194426.967849145;3078723.8076986354;0.5902472516564813;1.521405925199278;;;1880756.224052281;2997424.472913837;0.9294090155061587;1.4812304182742804
1238187.3405860567;3002483.9137497875;0.5855031539679643;1.4197882207441253;;;1785065.259867751;2820715.5933065633;0.8441059809224976;1.3338352139393603
1797778.3347539364;4382612.715873024;0.5984172548938884;1.4588178197479202;;;3081693.623426772;3900816.214340788;1.0257875528394653;1.2984446890394217
911737.7149424031;2092289.097643655;0.6183807340881851;1.4190827547452334;;;1085513.0854108233;2145467.5585500295;0.736242855392991;1.4551507325792326
1153383.8253285154;3045534.10070541;0.5561301702141888;1.4684733395979432;;;1766058.9233966635;2948975.741542468;0.8515453642651245;1.4219155367766712
1252612.8088119314;3136696.734719338;0.5935352999079913;1.486285485878009;;;1899199.3532656268;2983859.8963746675;0.8999124468435977;1.4138656143536767
1815394.2927070996;4350373.466838327;0.6035995015215887;1.4464534049518611;;;3049323.1081637773;4023629.6779884286;1.0138678497888611;1.337814533017887
821945.0396866496;2089598.5108732497;0.5644809997922482;1.435057819719675;;;1034915.8359144566;2030427.2335128626;0.7107413483272969;1.3944212075489766
1233484.025797989;3168705.685650454;0.6158255003418082;1.581998407348004;;;1816465.5773731316;2941632.3271222296;0.9068831048021051;1.4686304498347544
1283205.8595929062;3124986.169259761;0.6144788217343808;1.4964378512362506;;;1821924.049972989;2856624.380263699;0.8724506166704247;1.3679295260380275
1799687.0041215275;4495113.773695488;0.6078174247472411;1.518157586078199;;;3081988.7841517655;3901761.113349428;1.040895712194913;1.3177615810214702
944086.8472632034;2234716.3061864506;0.6396342755134566;1.5140568366452134;;;1093691.073781903;2257001.635080047;0.7409935851155757;1.529155511351631
1271762.6293585147;2982699.460118497;0.6089949600748215;1.4282924318560015;;;1839225.7429575946;2922936.2970539182;0.880729769883252;1.3996743043341886
1264997.579089557;3139610.0782327517;0.6041530491842366;1.4994534640762265;;;1807058.2097181159;2905262.4038032475;0.8630370093200916;1.387530829269511
1786229.1698066685;4402245.863145095;0.5988499182236813;1.4758938101040622;;;3036139.8165857093;4048133.0948485127;1.017894070711434;1.3571742158208033
875192.9461400642;2067733.0747639202;0.6144042871992246;1.4515931275744893;;;1065880.7916619498;2089442.5393521127;0.748271259416206;1.4668336390235506
1204647.169606032;3105415.6151156127;0.58027237747669;1.4958628115365067;;;1803710.5191518385;2966550.627184365;0.8688381275741066;1.4289722574155936
1265861.686725343;2968150.9369447967;0.6341031491149733;1.4868242525248503;;;1829304.1534013394;2849489.5278092558;0.9163461826241135;1.4273836564468423
1751099.1985579182;4330633.650066128;0.5894326388836546;1.457722567915619;;;3021227.9137371224;3918049.2804729585;1.0169671388860095;1.3188436889053803
903086.3359576489;2115859.9561423482;0.6014243962635534;1.4090898577838928;;;1166454.010470167;2191586.4337785486;0.7768181967588975;1.4595210837698578
1142596.167678167;3216036.366538722;0.5488749897924967;1.5449044708798991;;;1748404.5837440211;2905394.893584054;0.8398903962768747;1.3956799765919532
1220714.5333361295;3268043.089453342;0.5998725913948022;1.6059524346798644;;;1792376.323890663;2996705.3103375;0.8807935031530592;1.4726140560036507
1803884.8740118616;4368126.136527163;0.6033861020053701;1.4611057726345629;;;3128003.709677135;3963714.3863130948;1.0462940249855508;1.3258330437135977
904935.5988594013;2108388.425924719;0.6086572756672481;1.4180964446411168;;;1040320.9510887678;2088993.5294671187;0.6997171033025403;1.4050514888955252
1319544.8073541706;3158605.8986647218;0.6227183274476338;1.490606284319072;;;1908589.5867347985;2960343.1798765524;0.9006997781443756;1.3970423310899704
1207936.778215981;3039246.286267678;0.5810136763684924;1.4618676159373758;;;1844446.8776546768;3037510.2386772926;0.8871729717802483;1.4610325826715371
1756856.1618138878;4639770.325353917;0.5897587171787145;1.5575236348657138;;;3088961.9335114034;3890268.508072266;1.036933055145896;1.3059235096586692
883687.1297718195;1979929.2020421103;0.6217844643371461;1.3931279259833866;;;1061802.3287729665;2096179.603643834;0.7471107929324595;1.4749246289721132
1261357.8766256021;3156480.9129782566;0.6036861400555481;1.510692416344625;;;1764474.489263784;3081692.0303446962;0.8444778546908056;1.474898441682252
1325452.5387480399;3101869.050536762;0.6274780414830928;1.4684454251423165;;;1884578.0203353227;3030314.359334857;0.8921717607022399;1.4345709587380286
1784199.7691034987;4636618.740753059;0.5917751151986483;1.5378522276236142;;;3080443.1910365303;4023552.3701429446;1.0217071293280664;1.3345132134758253
862626.263541374;2051103.7561564476;0.5971278903151379;1.419816797257079;;;1037911.0172597019;2191743.9531553015;0.7184636525287046;1.517170874772252
1249665.6958903652;3005536.8849062193;0.6198411438128092;1.4907630309756843;;;1835100.9876040334;2905587.758891356;0.9102203084466294;1.441187707914581
1299565.5389423238;3113471.330850069;0.603907343994962;1.4468283019788297;;;1893699.7888134294;2931330.2860802547;0.8800011815617204;1.3621874652658705
1779708.052986723;4454928.672501644;0.5971988941110475;1.494896015162003;;;2993572.0974268736;3908524.9409045037;1.0045231536851147;1.3115447606119421
831777.9013883626;2035435.5309881086;0.5765962752411895;1.4109830805824006;;;996873.2399178954;2278685.1029562885;0.6910419188401836;1.5796059748871862
1190801.467833917;3261360.5724689863;0.5803861480376025;1.589558420229445;;;1836263.2993552736;3121034.5629342105;0.894978560140864;1.5211647590329043
1127471.8580229229;3044451.917353334;0.5571796914942034;1.5045225013903438;;;1688192.3695633262;2994800.119816395;0.8342793631280492;1.4799853273252845
1789900.359392542;4449832.34652717;0.6033167047201539;1.4998925352331032;;;3074332.4322486096;4064465.404687074;1.0362566287589379;1.3699979786791532
907715.7556092672;2208308.1850180435;0.6073134167125277;1.477483651363269;;;1095491.3678274092;2159037.271012352;0.7329459706555213;1.4445186103309458
1313261.0542278858;3204535.452795905;0.6130566167689743;1.4959414631863337;;;1876865.445162839;2917817.4735715925;0.8761584577855461;1.3620957561624256
1291016.0889226785;3051225.158231118;0.6258953245592881;1.4792593036607071;;;1888372.598268417;2893088.1315689585;0.9154987226134133;1.4025931594686951
1803188.2499210169;4420981.11590716;0.6080186290193592;1.4907145036754146;;;3119335.522357102;4035562.157712475;1.051811483264727;1.360754746800409
877987.1469211055;1993514.865064678;0.625297480346946;1.4197700120445353;;;1093515.7234249325;2067784.2192342868;0.7787957135536755;1.4726642260340077
1225400.1326258075;3163056.8750503063;0.5926420897707653;1.5297539037120558;;;1808149.609719934;3045573.0172075443;0.8744780866200855;1.472935010705189
1245063.3974126133;3116181.9133839444;0.5976963769712884;1.4959323705793588;;;1868280.3077718795;3132003.624803272;0.8968735033433756;1.503527630075758
1771336.699793122;4318429.873743606;0.5906159677762247;1.4398920540926643;;;3065264.058968559;3984675.9844449093;1.0220495622818822;1.3286086508016635
894067.051878997;2332618.0346734803;0.6085235256120073;1.5876359020081263;;;1113741.2536725937;2218459.184199797;0.7580390675173977;1.5099366444143438
1268911.685935511;3134803.1635719333;0.6078686067959104;1.501718719073037;;;1888050.9386455563;2901544.5864977194;0.9044655403169747;1.389976847797919
1294950.8467207581;3159200.936166367;0.6178600436548342;1.5073498992468397;;;1887174.548952013;2936101.6885187672;0.9004278055437419;1.4009025300358975
1790757.8544930045;4366186.046414552;0.5933131602863652;1.4466029759952495;;;2981218.5784228505;3929768.2386570876;0.9877361206768316;1.3020092063372422
958619.8440150523;2042629.2549472782;0.6520170124061498;1.3893192724719055;;;1127439.2149394199;2063601.0859719876;0.7668415724792703;1.4035835198633906
1256535.533757642;3157897.754982228;0.6032747341124811;1.5161369315153428;;;1761885.4573373257;2970278.005559784;0.8458980683445062;1.4260588943995962
1203497.3633057263;3075408.8723117025;0.5645368957476383;1.4426136947742931;;;1827072.826925292;2816539.7678250787;0.85704385690062;1.3211832994052215
1789604.4784353387;4508216.759524475;0.5993932435410138;1.509939597625436;;;3038093.171016454;3930090.175512437;1.0175502698492787;1.3163073327625145
839231.2134704089;2021536.5287856327;0.5939291868167809;1.4306540645659664;;;1003589.3563104406;2035925.2709633412;0.710246474063555;1.440837067537917
1159310.3173034561;3235726.5821534107;0.555783369484274;1.5512352436766284;;;1789008.0364113592;3058852.427817749;0.857665889512554;1.466440247889815
1231392.167039084;3038277.2906270693;0.6074257818718722;1.4987329042707194;;;1760529.2531949652;2964921.71400308;0.868440523461859;1.4625477882060054
1780778.5023075826;4395386.490310541;0.5957799034999178;1.470527039521588;;;3021096.744966686;3878370.2013428034;1.0107426189432296;1.2975533011538274
992055.7345454145;2092557.967962777;0.6666757437064549;1.4062290967751967;;;1158458.1674461558;2052427.3460704242;0.7785005755638094;1.379260740800977
1246891.2602939254;3149847.3004778656;0.5788039317161249;1.4621515603471686;;;1847516.698091507;2889483.318958802;0.8576128190316153;1.3412912247434252
1263906.172690689;3037045.389792836;0.58717732979441;1.4109308435820074;;;1716319.3897140378;2937186.861952461;0.7973565270127777;1.3645392165756398
1718357.5606467475;4388114.247605488;0.5583761463107783;1.4259071448594034;;;2897024.122540294;3944435.059296624;0.9413810037909559;1.2817346623447896
867862.1774812363;2173770.801739025;0.6071573196545906;1.5207724080772171;;;1104837.8866844005;2020266.4781456238;0.7729457825653963;1.4133806169764056
1207252.5006235964;3185057.1673964895;0.5842224620420274;1.541336165483038;;;1864352.1823705423;2908130.8137855288;0.9022109472006309;1.4073239385236016
1257739.050576604;3276647.346803963;0.618237311157332;1.6106247511120815;;;1789970.0178812358;3095452.223055279;0.8798536154219031;1.5215589102686642
1787035.3472843303;4314479.015952772;0.6107772427508075;1.4746130238970445;;;2990726.2000079984;4025562.9357670275;1.0221775999223417;1.3758665905316478
896881.1462495072;2263660.262950201;0.6183316937997404;1.56062248652485;;;1068315.982031226;2121427.8844911098;0.7365230425960287;1.4625640226430487
1331581.0724248628;3143573.0078787017;0.6479874058577986;1.5297571891664588;;;1804786.3604949173;2949016.8323213975;0.878263333778822;1.4350803015899378
